id,name,email,gender,status
8430656,Agripina Will,sidney.davis@gmail.com,female,active
8430567,Marlin Emmerich,romeo.stehr@hotmail.com,female,active
8430566,Malcolm Herzog,daryl.marks@yahoo.com,female,active
8430551,Bobbie Mills IV,ahmed.stehr@hotmail.com,female,active
8430550,Joey Reichert DDS,coleman.bergnaum@hotmail.com,female,active
8430543,Donnie Crooks,miles.rogahn@hotmail.com,female,active
8430467,Aryan Chattopadhyay,chattopadhyay_aryan@rutherford.example,male,active
8430465,Rohana Mehra,mehra_rohana@paucek.test,male,active
8430464,Niro Varrier,varrier_niro@grant-bednar.example,female,active
8430463,Agrata Chattopadhyay,agrata_chattopadhyay@gottlieb.test,female,active
